{
    "m_BedOwner": "7Wc7nqgd4cLIe8yBPjniFuwfwb310YIGEzmHe6XXGns=",
    "m_BedPos": [
        8107.6806640625,
        215.46011352539063,
        11992.4697265625
    ],
    "m_RespawnTime": 1730591127,
    "m_BRUsesLeft": 0
}