{
    "m_BedOwner": "D1qir9yQ56fWAgSTys-2jelHhSoc_2BXuXIOh4NbH0M=",
    "m_BedPos": [
        8153.08935546875,
        215.62991333007813,
        11995.833984375
    ],
    "m_RespawnTime": 1730591167,
    "m_BRUsesLeft": 0
}